uuid,company_uuid,warehouse_uuid,inventory_uuid,inventory_item_uuid,delivery_uuid,group_id,item_code,unit,unit_value,packaging_unit,cost,properties,location,status,status_history,created_at,updated_at
03d740ee-3ae7-4478-a942-cf5c6a87542a,cc03a332-37af-4854-97f8-24424a991994,85e3cb61-6263-47fb-89b8-88d6eb7acaf1,2723b6e5-194c-43e9-8785-b122f2b2536d,be74d5a9-c84e-439e-98da-18ebdcb2a47e,01dde810-681f-4c1f-8828-68bdbd0d1dc0,92bbf385-057f-49e1-b0b2-22b28c527110,44543,m,2,roll,300,"{""type"":""Thick"",""color"":""White""}","{""row"":0,""code"":""F00AB00D02C01"",""depth"":2,""floor"":0,""group"":1,""column"":1}",USED,"{""2025-06-12T20:00:42Z"":""AVAILABLE"",""2025-06-14T10:00:42Z"":""USED""}",2025-06-12 20:00:42+00,2025-06-15 22:54:17.354212+00
05312f8f-0e8d-4369-81a7-8984ae36eb46,cc03a332-37af-4854-97f8-24424a991994,85e3cb61-6263-47fb-89b8-88d6eb7acaf1,7e394b09-96a6-437d-a89b-504510298c57,f9913828-f9ac-4ca0-86c6-596263241761,01dde810-681f-4c1f-8828-68bdbd0d1dc0,72ab0d77-f2b1-455c-9197-304058ff1115,213453,m,1.4,roll,100,"{""color"":""Red""}","{""row"":2,""code"":""F00AA02D01C00"",""depth"":1,""floor"":0,""group"":0,""column"":0}",AVAILABLE,"{""2025-06-12T20:00:42Z"":""AVAILABLE""}",2025-06-12 20:00:42+00,2025-06-15 22:52:13.508712+00
058ce0af-006c-4bc4-b4e6-b081562df3de,cc03a332-37af-4854-97f8-24424a991994,85e3cb61-6263-47fb-89b8-88d6eb7acaf1,2723b6e5-194c-43e9-8785-b122f2b2536d,9da342b2-ee39-436f-8d34-b1c7285e520f,01dde810-681f-4c1f-8828-68bdbd0d1dc0,92bbf385-057f-49e1-b0b2-22b28c527110,44543,m,2,roll,300,"{""type"":""Thick"",""color"":""White""}","{""row"":4,""code"":""F00AC04D01C00"",""depth"":1,""floor"":0,""group"":0,""column"":2}",AVAILABLE,"{""2025-06-12T20:00:42Z"":""AVAILABLE""}",2025-06-12 20:00:42+00,2025-06-15 22:52:13.508712+00
0638952c-8cb2-4271-9877-b46661673451,cc03a332-37af-4854-97f8-24424a991994,85e3cb61-6263-47fb-89b8-88d6eb7acaf1,7e394b09-96a6-437d-a89b-504510298c57,e947f260-5d08-4b4d-b4bd-7003dd2aaf33,01dde810-681f-4c1f-8828-68bdbd0d1dc0,3847f8ac-ba55-4d2a-b392-ba03c847fe47,213450,cm,150,roll,130,"{""color"":""White""}","{""row"":1,""code"":""F00AC01D00C00"",""depth"":0,""floor"":0,""group"":0,""column"":2}",AVAILABLE,"{""2025-06-12T20:00:42Z"":""AVAILABLE""}",2025-06-12 20:00:42+00,2025-06-15 22:52:13.508712+00
0e5fa0ce-d004-445a-9643-0b8e6921237e,cc03a332-37af-4854-97f8-24424a991994,85e3cb61-6263-47fb-89b8-88d6eb7acaf1,2723b6e5-194c-43e9-8785-b122f2b2536d,9d42efcb-8356-4d83-9367-e6e480a831f6,01dde810-681f-4c1f-8828-68bdbd0d1dc0,,44543,m,2,roll,300,"{""type"":""Thick"",""color"":""White""}","{""row"":3,""code"":""F00AA03D03C00"",""depth"":3,""floor"":0,""group"":0,""column"":0}",AVAILABLE,"{""2025-06-12T20:00:42Z"":""AVAILABLE""}",2025-06-12 20:00:42+00,2025-06-15 22:52:13.508712+00
0ed7a706-6e25-4dec-a03d-5e6e5b85e96a,cc03a332-37af-4854-97f8-24424a991994,85e3cb61-6263-47fb-89b8-88d6eb7acaf1,2723b6e5-194c-43e9-8785-b122f2b2536d,5d34a73c-bf7a-4e2f-b68b-d3ed1a076c13,01dde810-681f-4c1f-8828-68bdbd0d1dc0,92bbf385-057f-49e1-b0b2-22b28c527110,44543,m,2,roll,300,"{""type"":""Thick"",""color"":""White""}","{""row"":3,""code"":""F00AC03D02C00"",""depth"":2,""floor"":0,""group"":0,""column"":2}",USED,"{""2025-06-12T20:00:42Z"":""AVAILABLE"",""2025-06-13T20:00:42Z"":""USED""}",2025-06-12 20:00:42+00,2025-06-15 22:53:37.457849+00
161dc273-996d-420f-a01d-7daf9e30d429,cc03a332-37af-4854-97f8-24424a991994,85e3cb61-6263-47fb-89b8-88d6eb7acaf1,2723b6e5-194c-43e9-8785-b122f2b2536d,bec629c5-81f9-494f-9fba-83480322e64e,01dde810-681f-4c1f-8828-68bdbd0d1dc0,92bbf385-057f-49e1-b0b2-22b28c527110,44543,m,2,roll,300,"{""type"":""Thick"",""color"":""White""}","{""row"":0,""code"":""F00AB00D03C01"",""depth"":3,""floor"":0,""group"":1,""column"":1}",AVAILABLE,"{""2025-06-12T20:00:42Z"":""AVAILABLE""}",2025-06-12 20:00:42+00,2025-06-15 22:52:13.508712+00
1bdef0ba-72a2-4eba-8081-2246db3f229e,cc03a332-37af-4854-97f8-24424a991994,85e3cb61-6263-47fb-89b8-88d6eb7acaf1,7e394b09-96a6-437d-a89b-504510298c57,eb7ae68c-91dd-4aa2-bc0d-1e0cf6a80c06,01dde810-681f-4c1f-8828-68bdbd0d1dc0,72ab0d77-f2b1-455c-9197-304058ff1115,213453,m,1.4,roll,100,"{""color"":""Red""}","{""row"":2,""code"":""F00AA02D04C00"",""depth"":4,""floor"":0,""group"":0,""column"":0}",AVAILABLE,"{""2025-06-12T20:00:42Z"":""AVAILABLE""}",2025-06-12 20:00:42+00,2025-06-15 22:52:13.508712+00
1e032837-8c27-48a9-b4eb-3df81b6c2f14,cc03a332-37af-4854-97f8-24424a991994,85e3cb61-6263-47fb-89b8-88d6eb7acaf1,9d709bf3-8e1e-457d-815c-828601c73242,2cbab77b-d5e4-4d53-9e86-7ba90bb3f1f2,01dde810-681f-4c1f-8828-68bdbd0d1dc0,9572fd74-02cd-47f3-b536-b51a4336e5fd,43455,m,10,roll,434,{},"{""row"":0,""code"":""F00AA00D04C00"",""depth"":4,""floor"":0,""group"":0,""column"":0}",AVAILABLE,"{""2025-06-12T20:00:42Z"":""AVAILABLE""}",2025-06-12 20:00:42+00,2025-06-15 22:52:13.508712+00
20366784-4c7f-42a4-ad34-de0ddbeea929,cc03a332-37af-4854-97f8-24424a991994,85e3cb61-6263-47fb-89b8-88d6eb7acaf1,7e394b09-96a6-437d-a89b-504510298c57,442bff42-dafe-4840-8988-969685a3f889,01dde810-681f-4c1f-8828-68bdbd0d1dc0,72ab0d77-f2b1-455c-9197-304058ff1115,213453,m,1.4,roll,100,"{""color"":""Red""}","{""row"":2,""code"":""F00AA02D00C00"",""depth"":0,""floor"":0,""group"":0,""column"":0}",AVAILABLE,"{""2025-06-12T20:00:42Z"":""AVAILABLE""}",2025-06-12 20:00:42+00,2025-06-15 22:52:13.508712+00
230f9d00-c777-40eb-bdd5-59c8ca0527a6,cc03a332-37af-4854-97f8-24424a991994,85e3cb61-6263-47fb-89b8-88d6eb7acaf1,2723b6e5-194c-43e9-8785-b122f2b2536d,212c4268-67af-4f6c-8b86-1971671a3b2c,01dde810-681f-4c1f-8828-68bdbd0d1dc0,92bbf385-057f-49e1-b0b2-22b28c527110,44543,m,2,roll,300,"{""type"":""Thick"",""color"":""White""}","{""row"":3,""code"":""F00AB03D03C00"",""depth"":3,""floor"":0,""group"":0,""column"":1}",USED,"{""2025-06-12T20:00:42Z"":""AVAILABLE"",""2025-06-13T20:00:42Z"":""USED""}",2025-06-12 20:00:42+00,2025-06-15 22:53:30.799703+00
2625a64c-9bfb-4346-a63b-13acd828c9ac,cc03a332-37af-4854-97f8-24424a991994,85e3cb61-6263-47fb-89b8-88d6eb7acaf1,2723b6e5-194c-43e9-8785-b122f2b2536d,a51c3706-eafd-411a-920a-72c8158dce95,01dde810-681f-4c1f-8828-68bdbd0d1dc0,92bbf385-057f-49e1-b0b2-22b28c527110,44543,m,2,roll,300,"{""type"":""Thick"",""color"":""White""}","{""row"":4,""code"":""F00AC04D05C00"",""depth"":5,""floor"":0,""group"":0,""column"":2}",AVAILABLE,"{""2025-06-12T20:00:42Z"":""AVAILABLE""}",2025-06-12 20:00:42+00,2025-06-15 22:52:13.508712+00
2a4a8dc7-d01e-4837-8b37-c6c2af51fdad,cc03a332-37af-4854-97f8-24424a991994,85e3cb61-6263-47fb-89b8-88d6eb7acaf1,2723b6e5-194c-43e9-8785-b122f2b2536d,b741552e-988c-441b-9ed9-58324dd5fddf,01dde810-681f-4c1f-8828-68bdbd0d1dc0,92bbf385-057f-49e1-b0b2-22b28c527110,44543,m,2,roll,300,"{""type"":""Thick"",""color"":""White""}","{""row"":0,""code"":""F00AB00D00C01"",""depth"":0,""floor"":0,""group"":1,""column"":1}",AVAILABLE,"{""2025-06-12T20:00:42Z"":""AVAILABLE""}",2025-06-12 20:00:42+00,2025-06-15 22:52:13.508712+00
2d8be097-7ee1-4463-8b27-0ff5877cd09a,cc03a332-37af-4854-97f8-24424a991994,85e3cb61-6263-47fb-89b8-88d6eb7acaf1,2723b6e5-194c-43e9-8785-b122f2b2536d,00261a19-d38c-4233-9d91-32d60c9b7840,01dde810-681f-4c1f-8828-68bdbd0d1dc0,92bbf385-057f-49e1-b0b2-22b28c527110,44543,m,2,roll,300,"{""type"":""Thick"",""color"":""White""}","{""row"":3,""code"":""F00AA03D04C00"",""depth"":4,""floor"":0,""group"":0,""column"":0}",USED,"{""2025-06-12T20:00:42Z"":""USED"",""2025-06-14T20:00:42Z"":""AVAILABLE""}",2025-06-12 20:00:42+00,2025-06-15 22:53:46.314472+00
2eb81d3b-9ec5-498b-add4-9e27d85dc249,cc03a332-37af-4854-97f8-24424a991994,85e3cb61-6263-47fb-89b8-88d6eb7acaf1,2723b6e5-194c-43e9-8785-b122f2b2536d,10107ad3-d70b-4ecf-853d-6f245ad035cc,01dde810-681f-4c1f-8828-68bdbd0d1dc0,92bbf385-057f-49e1-b0b2-22b28c527110,44543,m,2,roll,300,"{""type"":""Thick"",""color"":""White""}","{""row"":3,""code"":""F00AB03D01C00"",""depth"":1,""floor"":0,""group"":0,""column"":1}",USED,"{""2025-06-12T20:00:42Z"":""AVAILABLE"",""2025-06-13T10:00:42Z"":""USED""}",2025-06-12 20:00:42+00,2025-06-15 22:54:07.724395+00
2f78dc1c-a506-4fa0-b22d-3e6bbd3c1643,cc03a332-37af-4854-97f8-24424a991994,85e3cb61-6263-47fb-89b8-88d6eb7acaf1,2723b6e5-194c-43e9-8785-b122f2b2536d,ae85960d-6705-4960-9e79-3aa439ca85ac,01dde810-681f-4c1f-8828-68bdbd0d1dc0,92bbf385-057f-49e1-b0b2-22b28c527110,44543,m,2,roll,300,"{""type"":""Thick"",""color"":""White""}","{""row"":0,""code"":""F00AA00D04C01"",""depth"":4,""floor"":0,""group"":1,""column"":0}",AVAILABLE,"{""2025-06-12T20:00:42Z"":""AVAILABLE""}",2025-06-12 20:00:42+00,2025-06-15 22:52:13.508712+00
2fe65e01-9199-4936-ab1f-07c2f31a8500,cc03a332-37af-4854-97f8-24424a991994,85e3cb61-6263-47fb-89b8-88d6eb7acaf1,7e394b09-96a6-437d-a89b-504510298c57,3ad2ddaf-cca3-4670-8e19-d5fff14eb222,01dde810-681f-4c1f-8828-68bdbd0d1dc0,72ab0d77-f2b1-455c-9197-304058ff1115,213453,m,1.4,roll,100,"{""color"":""Red""}","{""row"":1,""code"":""F00AC01D04C00"",""depth"":4,""floor"":0,""group"":0,""column"":2}",AVAILABLE,"{""2025-06-12T20:00:42Z"":""AVAILABLE""}",2025-06-12 20:00:42+00,2025-06-15 22:52:13.508712+00
32eedbf3-3330-42c0-8efd-71746912942f,cc03a332-37af-4854-97f8-24424a991994,85e3cb61-6263-47fb-89b8-88d6eb7acaf1,7e394b09-96a6-437d-a89b-504510298c57,569517a1-780d-48ba-957c-79def27df5b7,01dde810-681f-4c1f-8828-68bdbd0d1dc0,3847f8ac-ba55-4d2a-b392-ba03c847fe47,213450,cm,150,roll,130,"{""color"":""White""}","{""row"":1,""code"":""F00AA01D01C00"",""depth"":1,""floor"":0,""group"":0,""column"":0}",AVAILABLE,"{""2025-06-12T20:00:42Z"":""AVAILABLE""}",2025-06-12 20:00:42+00,2025-06-15 22:52:13.508712+00
349047e1-a07f-4d27-b52d-b7135aa94274,cc03a332-37af-4854-97f8-24424a991994,85e3cb61-6263-47fb-89b8-88d6eb7acaf1,2723b6e5-194c-43e9-8785-b122f2b2536d,b5699a95-0a28-4157-bd1e-7c8a63fdfc3d,01dde810-681f-4c1f-8828-68bdbd0d1dc0,92bbf385-057f-49e1-b0b2-22b28c527110,44543,m,2,roll,300,"{""type"":""Thick"",""color"":""White""}","{""row"":0,""code"":""F00AA00D05C01"",""depth"":5,""floor"":0,""group"":1,""column"":0}",AVAILABLE,"{""2025-06-12T20:00:42Z"":""AVAILABLE""}",2025-06-12 20:00:42+00,2025-06-15 22:52:13.508712+00
364fe31a-ff2a-4762-a46f-1ec8909b5c32,cc03a332-37af-4854-97f8-24424a991994,85e3cb61-6263-47fb-89b8-88d6eb7acaf1,7e394b09-96a6-437d-a89b-504510298c57,f5a9653e-0e5c-4499-afe4-c614f6e2523c,01dde810-681f-4c1f-8828-68bdbd0d1dc0,752661f2-f44f-4741-8f77-9a846d7cda45,213450,in,60,roll,120,"{""color"":""White""}","{""row"":2,""code"":""F00AB02D05C00"",""depth"":5,""floor"":0,""group"":0,""column"":1}",AVAILABLE,"{""2025-06-12T20:00:42Z"":""AVAILABLE""}",2025-06-12 20:00:42+00,2025-06-15 22:52:13.508712+00
370a7674-28c7-42bf-ac6b-14e36c6f7699,cc03a332-37af-4854-97f8-24424a991994,85e3cb61-6263-47fb-89b8-88d6eb7acaf1,2723b6e5-194c-43e9-8785-b122f2b2536d,1a662297-9b86-428e-a7e4-06dfdbc98d1d,01dde810-681f-4c1f-8828-68bdbd0d1dc0,92bbf385-057f-49e1-b0b2-22b28c527110,44543,m,2,roll,300,"{""type"":""Thick"",""color"":""White""}","{""row"":3,""code"":""F00AB03D02C00"",""depth"":2,""floor"":0,""group"":0,""column"":1}",USED,"{""2025-06-12T20:00:42Z"":""AVAILABLE"",""2025-06-12T22:00:42Z"":""USED""}",2025-06-12 20:00:42+00,2025-06-15 22:54:30.722831+00
38b6ee37-52b6-4ad1-baf1-29a1832910f7,cc03a332-37af-4854-97f8-24424a991994,85e3cb61-6263-47fb-89b8-88d6eb7acaf1,7e394b09-96a6-437d-a89b-504510298c57,fc427e89-f5ee-4b0d-91c2-837c8e1b1ba2,01dde810-681f-4c1f-8828-68bdbd0d1dc0,0e168968-384b-43fa-8be6-c6336002a5cf,213450,ft,5,roll,120,"{""color"":""Khaki""}","{""row"":2,""code"":""F00AB02D01C00"",""depth"":1,""floor"":0,""group"":0,""column"":1}",AVAILABLE,"{""2025-06-12T20:00:42Z"":""AVAILABLE""}",2025-06-12 20:00:42+00,2025-06-15 22:52:13.508712+00
39cb197e-d4ac-4c77-b081-9853bad47dde,cc03a332-37af-4854-97f8-24424a991994,85e3cb61-6263-47fb-89b8-88d6eb7acaf1,9d709bf3-8e1e-457d-815c-828601c73242,8aa894ed-8409-4c62-bb2c-bcef4814d0c5,01dde810-681f-4c1f-8828-68bdbd0d1dc0,4bd30b86-02d0-45eb-85d3-3ed70d689373,43455,m,10,roll,434,{},"{""row"":0,""code"":""F00AB00D03C00"",""depth"":3,""floor"":0,""group"":0,""column"":1}",USED,"{""2025-06-12T20:00:42Z"":""AVAILABLE"",""2025-06-13T15:00:42Z"":""USED""}",2025-06-12 20:00:42+00,2025-06-15 22:54:43.821143+00
3ec7310e-ef67-48e4-8eed-cc4d1d7dfb07,cc03a332-37af-4854-97f8-24424a991994,85e3cb61-6263-47fb-89b8-88d6eb7acaf1,7e394b09-96a6-437d-a89b-504510298c57,c0b56bc0-3589-4420-9ada-5f72fd5e9c78,01dde810-681f-4c1f-8828-68bdbd0d1dc0,3847f8ac-ba55-4d2a-b392-ba03c847fe47,213450,cm,150,roll,130,"{""color"":""White""}","{""row"":1,""code"":""F00AB01D00C00"",""depth"":0,""floor"":0,""group"":0,""column"":1}",AVAILABLE,"{""2025-06-12T20:00:42Z"":""AVAILABLE""}",2025-06-12 20:00:42+00,2025-06-15 22:52:13.508712+00
3f171b30-8764-431e-b0a6-42441341a8fd,cc03a332-37af-4854-97f8-24424a991994,85e3cb61-6263-47fb-89b8-88d6eb7acaf1,2723b6e5-194c-43e9-8785-b122f2b2536d,c8014349-44bc-45f1-b7e9-e203096a1e74,01dde810-681f-4c1f-8828-68bdbd0d1dc0,92bbf385-057f-49e1-b0b2-22b28c527110,44543,m,2,roll,300,"{""type"":""Thick"",""color"":""White""}","{""row"":0,""code"":""F00AB00D04C01"",""depth"":4,""floor"":0,""group"":1,""column"":1}",AVAILABLE,"{""2025-06-12T20:00:42Z"":""AVAILABLE""}",2025-06-12 20:00:42+00,2025-06-15 22:52:13.508712+00
4178c5b2-c679-483d-ac7f-c18e369fe2ad,cc03a332-37af-4854-97f8-24424a991994,85e3cb61-6263-47fb-89b8-88d6eb7acaf1,9d709bf3-8e1e-457d-815c-828601c73242,ba84d4f9-9bff-4363-bbf4-0500386c0478,01dde810-681f-4c1f-8828-68bdbd0d1dc0,4bd30b86-02d0-45eb-85d3-3ed70d689373,43455,m,10,roll,434,{},"{""row"":0,""code"":""F00AB00D04C00"",""depth"":4,""floor"":0,""group"":0,""column"":1}",USED,"{""2025-06-12T20:00:42Z"":""AVAILABLE"",""2025-06-14T01:00:42Z"":""USED""}",2025-06-12 20:00:42+00,2025-06-15 22:54:53.828904+00
41d0d3e6-da06-40a1-80d0-7c504ce2432a,cc03a332-37af-4854-97f8-24424a991994,85e3cb61-6263-47fb-89b8-88d6eb7acaf1,2723b6e5-194c-43e9-8785-b122f2b2536d,2ecfb02e-54ad-497f-8b98-d9a369d45c9f,01dde810-681f-4c1f-8828-68bdbd0d1dc0,92bbf385-057f-49e1-b0b2-22b28c527110,44543,m,2,roll,300,"{""type"":""Thick"",""color"":""White""}","{""row"":3,""code"":""F00AB03D04C00"",""depth"":4,""floor"":0,""group"":0,""column"":1}",USED,"{""2025-06-12T20:00:42Z"":""AVAILABLE"",""2025-06-14T20:00:42Z"":""USED""}",2025-06-12 20:00:42+00,2025-06-15 22:55:05.884187+00
4543f319-2031-4dd4-ac8f-1e01012006fa,cc03a332-37af-4854-97f8-24424a991994,85e3cb61-6263-47fb-89b8-88d6eb7acaf1,7e394b09-96a6-437d-a89b-504510298c57,ca7124f9-2f1a-48cb-8f0d-36859c884d21,01dde810-681f-4c1f-8828-68bdbd0d1dc0,3847f8ac-ba55-4d2a-b392-ba03c847fe47,213450,cm,150,roll,130,"{""color"":""White""}","{""row"":1,""code"":""F00AB01D02C00"",""depth"":2,""floor"":0,""group"":0,""column"":1}",AVAILABLE,"{""2025-06-12T20:00:42Z"":""AVAILABLE""}",2025-06-12 20:00:42+00,2025-06-15 22:52:13.508712+00
47a3a268-bcd9-4320-9e98-9c27b3e156c0,cc03a332-37af-4854-97f8-24424a991994,85e3cb61-6263-47fb-89b8-88d6eb7acaf1,7e394b09-96a6-437d-a89b-504510298c57,fdea8224-ba1d-44b2-bd1b-f14f290dfa4d,01dde810-681f-4c1f-8828-68bdbd0d1dc0,3847f8ac-ba55-4d2a-b392-ba03c847fe47,213450,cm,150,roll,130,"{""color"":""White""}","{""row"":1,""code"":""F00AC01D01C00"",""depth"":1,""floor"":0,""group"":0,""column"":2}",AVAILABLE,"{""2025-06-12T20:00:42Z"":""AVAILABLE""}",2025-06-12 20:00:42+00,2025-06-15 22:52:13.508712+00
48422eb4-c2c3-49b9-a130-713edeac4654,cc03a332-37af-4854-97f8-24424a991994,85e3cb61-6263-47fb-89b8-88d6eb7acaf1,2723b6e5-194c-43e9-8785-b122f2b2536d,7b527b68-aa2e-4226-9197-2ee097344254,01dde810-681f-4c1f-8828-68bdbd0d1dc0,92bbf385-057f-49e1-b0b2-22b28c527110,44543,m,2,roll,300,"{""type"":""Thick"",""color"":""White""}","{""row"":4,""code"":""F00AA04D03C00"",""depth"":3,""floor"":0,""group"":0,""column"":0}",USED,"{""2025-06-12T20:00:42Z"":""AVAILABLE"",""2025-06-13T20:00:42Z"":""USED""}",2025-06-12 20:00:42+00,2025-06-15 22:55:14.467095+00
49a43b1d-4a4a-4b0f-afff-63221e136187,cc03a332-37af-4854-97f8-24424a991994,85e3cb61-6263-47fb-89b8-88d6eb7acaf1,7e394b09-96a6-437d-a89b-504510298c57,fd92caec-4a1a-4d2b-a263-65de5065bed2,01dde810-681f-4c1f-8828-68bdbd0d1dc0,0e168968-384b-43fa-8be6-c6336002a5cf,213450,ft,5,roll,120,"{""color"":""Khaki""}","{""row"":2,""code"":""F00AB02D00C00"",""depth"":0,""floor"":0,""group"":0,""column"":1}",AVAILABLE,"{""2025-06-12T20:00:42Z"":""AVAILABLE""}",2025-06-12 20:00:42+00,2025-06-15 22:52:13.508712+00
4bd74a27-63b8-411b-9c37-1a337bbe52bf,cc03a332-37af-4854-97f8-24424a991994,85e3cb61-6263-47fb-89b8-88d6eb7acaf1,2723b6e5-194c-43e9-8785-b122f2b2536d,aa38ad3a-ca6f-4e00-9d41-78868df6ebb9,01dde810-681f-4c1f-8828-68bdbd0d1dc0,92bbf385-057f-49e1-b0b2-22b28c527110,44543,m,2,roll,300,"{""type"":""Thick"",""color"":""White""}","{""row"":0,""code"":""F00AA00D00C01"",""depth"":0,""floor"":0,""group"":1,""column"":0}",AVAILABLE,"{""2025-06-12T20:00:42Z"":""AVAILABLE""}",2025-06-12 20:00:42+00,2025-06-15 22:52:13.508712+00
4c64e754-5523-47dc-b4aa-ce3b540aa423,cc03a332-37af-4854-97f8-24424a991994,85e3cb61-6263-47fb-89b8-88d6eb7acaf1,7e394b09-96a6-437d-a89b-504510298c57,06654d89-6938-476a-82ac-09aa28989796,01dde810-681f-4c1f-8828-68bdbd0d1dc0,3847f8ac-ba55-4d2a-b392-ba03c847fe47,213450,cm,150,roll,130,"{""color"":""White""}","{""row"":0,""code"":""F00AC00D01C00"",""depth"":1,""floor"":0,""group"":0,""column"":2}",AVAILABLE,"{""2025-06-12T20:00:42Z"":""AVAILABLE""}",2025-06-12 20:00:42+00,2025-06-15 22:52:13.508712+00
4f34eaa7-0c8e-47d3-9dc7-323f474d1318,cc03a332-37af-4854-97f8-24424a991994,85e3cb61-6263-47fb-89b8-88d6eb7acaf1,9d709bf3-8e1e-457d-815c-828601c73242,45e5c087-1e96-4ca8-b6a1-829d902062f6,01dde810-681f-4c1f-8828-68bdbd0d1dc0,9572fd74-02cd-47f3-b536-b51a4336e5fd,43455,m,10,roll,434,{},"{""row"":0,""code"":""F00AA00D05C00"",""depth"":5,""floor"":0,""group"":0,""column"":0}",AVAILABLE,"{""2025-06-12T20:00:42Z"":""AVAILABLE""}",2025-06-12 20:00:42+00,2025-06-15 22:52:13.508712+00
50a18b54-d017-430b-a550-3deed72aea3a,cc03a332-37af-4854-97f8-24424a991994,85e3cb61-6263-47fb-89b8-88d6eb7acaf1,2723b6e5-194c-43e9-8785-b122f2b2536d,7f20e9e5-2459-44f7-ac49-a4848c995c8d,01dde810-681f-4c1f-8828-68bdbd0d1dc0,92bbf385-057f-49e1-b0b2-22b28c527110,44543,m,2,roll,300,"{""type"":""Thick"",""color"":""White""}","{""row"":4,""code"":""F00AA04D05C00"",""depth"":5,""floor"":0,""group"":0,""column"":0}",USED,"{""2025-06-12T20:00:42Z"":""AVAILABLE"",""2025-06-13T20:00:42Z"":""USED""}",2025-06-12 20:00:42+00,2025-06-15 22:55:24.991518+00
50e6913c-4d27-4203-a5c5-9826d5790ef9,cc03a332-37af-4854-97f8-24424a991994,85e3cb61-6263-47fb-89b8-88d6eb7acaf1,9d709bf3-8e1e-457d-815c-828601c73242,7ee48dd6-f1c9-473e-bbd6-322fbf53493d,01dde810-681f-4c1f-8828-68bdbd0d1dc0,9572fd74-02cd-47f3-b536-b51a4336e5fd,43455,m,10,roll,434,{},"{""row"":0,""code"":""F00AB00D00C00"",""depth"":0,""floor"":0,""group"":0,""column"":1}",AVAILABLE,"{""2025-06-12T20:00:42Z"":""AVAILABLE""}",2025-06-12 20:00:42+00,2025-06-15 22:52:13.508712+00
5553d96c-b7c1-433e-8720-d68216e145ad,cc03a332-37af-4854-97f8-24424a991994,85e3cb61-6263-47fb-89b8-88d6eb7acaf1,7e394b09-96a6-437d-a89b-504510298c57,b978b404-153b-4c32-a20a-c74aba4049ee,01dde810-681f-4c1f-8828-68bdbd0d1dc0,72ab0d77-f2b1-455c-9197-304058ff1115,213453,m,1.4,roll,100,"{""color"":""Red""}","{""row"":2,""code"":""F00AA02D05C00"",""depth"":5,""floor"":0,""group"":0,""column"":0}",AVAILABLE,"{""2025-06-12T20:00:42Z"":""AVAILABLE""}",2025-06-12 20:00:42+00,2025-06-15 22:52:13.508712+00
568524e6-c4ea-4c24-9bb8-239c97731a2c,cc03a332-37af-4854-97f8-24424a991994,85e3cb61-6263-47fb-89b8-88d6eb7acaf1,9d709bf3-8e1e-457d-815c-828601c73242,7a218813-cbae-4d7f-bfd6-7ff801b723d8,01dde810-681f-4c1f-8828-68bdbd0d1dc0,4bd30b86-02d0-45eb-85d3-3ed70d689373,43455,m,10,roll,434,{},"{""row"":0,""code"":""F00AB00D02C00"",""depth"":2,""floor"":0,""group"":0,""column"":1}",USED,"{""2025-06-12T20:00:42Z"":""AVAILABLE"",""2025-06-13T10:00:42Z"":""USED""}",2025-06-12 20:00:42+00,2025-06-15 22:55:33.567421+00
57837ff4-22c0-4822-977f-565d9e40479d,cc03a332-37af-4854-97f8-24424a991994,85e3cb61-6263-47fb-89b8-88d6eb7acaf1,7e394b09-96a6-437d-a89b-504510298c57,4786db0e-38a0-4405-8c32-b84adaca20b1,01dde810-681f-4c1f-8828-68bdbd0d1dc0,72ab0d77-f2b1-455c-9197-304058ff1115,213453,m,1.4,roll,100,"{""color"":""Red""}","{""row"":1,""code"":""F00AC01D05C00"",""depth"":5,""floor"":0,""group"":0,""column"":2}",AVAILABLE,"{""2025-06-12T20:00:42Z"":""AVAILABLE""}",2025-06-12 20:00:42+00,2025-06-15 22:52:13.508712+00
58110b13-a658-4395-9598-961cf539ad84,cc03a332-37af-4854-97f8-24424a991994,85e3cb61-6263-47fb-89b8-88d6eb7acaf1,2723b6e5-194c-43e9-8785-b122f2b2536d,ebfb8f58-64f6-42d1-92bd-c8c0802ab47e,01dde810-681f-4c1f-8828-68bdbd0d1dc0,,44543,m,2,roll,300,"{""color"":""White""}","{""row"":2,""code"":""F00AC02D05C00"",""depth"":5,""floor"":0,""group"":0,""column"":2}",AVAILABLE,"{""2025-06-12T20:00:42Z"":""AVAILABLE""}",2025-06-12 20:00:42+00,2025-06-15 22:52:13.508712+00
593ea290-0fd5-4600-bbf8-e65bb972ff57,cc03a332-37af-4854-97f8-24424a991994,85e3cb61-6263-47fb-89b8-88d6eb7acaf1,2723b6e5-194c-43e9-8785-b122f2b2536d,9f33b1ca-ac93-43c4-b350-745644d2391e,01dde810-681f-4c1f-8828-68bdbd0d1dc0,92bbf385-057f-49e1-b0b2-22b28c527110,44543,m,2,roll,300,"{""type"":""Thick"",""color"":""White""}","{""row"":4,""code"":""F00AC04D04C00"",""depth"":4,""floor"":0,""group"":0,""column"":2}",AVAILABLE,"{""2025-06-12T20:00:42Z"":""AVAILABLE""}",2025-06-12 20:00:42+00,2025-06-15 22:52:13.508712+00
5a5077c3-97ea-425d-aec3-0954eef56b82,cc03a332-37af-4854-97f8-24424a991994,85e3cb61-6263-47fb-89b8-88d6eb7acaf1,9d709bf3-8e1e-457d-815c-828601c73242,f6dfd210-f1cd-4d29-acf3-4bc0015c7a64,01dde810-681f-4c1f-8828-68bdbd0d1dc0,4bd30b86-02d0-45eb-85d3-3ed70d689373,43455,m,10,roll,434,{},"{""row"":0,""code"":""F00AB00D05C00"",""depth"":5,""floor"":0,""group"":0,""column"":1}",USED,"{""2025-06-12T20:00:42Z"":""AVAILABLE"",""2025-06-14T00:00:42Z"":""USED""}",2025-06-12 20:00:42+00,2025-06-15 22:55:42.103052+00
5dc58524-d6eb-47de-9828-95511288355d,cc03a332-37af-4854-97f8-24424a991994,85e3cb61-6263-47fb-89b8-88d6eb7acaf1,2723b6e5-194c-43e9-8785-b122f2b2536d,f10f7e1b-3224-41e8-bf8a-135af27737e5,01dde810-681f-4c1f-8828-68bdbd0d1dc0,92bbf385-057f-49e1-b0b2-22b28c527110,44543,m,2,roll,300,"{""type"":""Thick"",""color"":""White""}","{""row"":0,""code"":""F00AC00D03C01"",""depth"":3,""floor"":0,""group"":1,""column"":2}",AVAILABLE,"{""2025-06-12T20:00:42Z"":""AVAILABLE""}",2025-06-12 20:00:42+00,2025-06-15 22:52:13.508712+00
5e5e6706-6f8e-4475-aa49-8c19d39c7660,cc03a332-37af-4854-97f8-24424a991994,85e3cb61-6263-47fb-89b8-88d6eb7acaf1,7e394b09-96a6-437d-a89b-504510298c57,7a37d638-9a89-4967-a85f-9fd1db579f83,01dde810-681f-4c1f-8828-68bdbd0d1dc0,3847f8ac-ba55-4d2a-b392-ba03c847fe47,213450,cm,150,roll,130,"{""color"":""White""}","{""row"":1,""code"":""F00AA01D04C00"",""depth"":4,""floor"":0,""group"":0,""column"":0}",AVAILABLE,"{""2025-06-12T20:00:42Z"":""AVAILABLE""}",2025-06-12 20:00:42+00,2025-06-15 22:52:13.508712+00
5fc52335-3648-46c6-8b5b-97d0a93f5a80,cc03a332-37af-4854-97f8-24424a991994,85e3cb61-6263-47fb-89b8-88d6eb7acaf1,2723b6e5-194c-43e9-8785-b122f2b2536d,cb44c010-e7dd-4901-a211-c67639e936cc,01dde810-681f-4c1f-8828-68bdbd0d1dc0,,44543,m,2,roll,300,"{""type"":""Thick"",""color"":""White""}","{""row"":3,""code"":""F00AA03D01C00"",""depth"":1,""floor"":0,""group"":0,""column"":0}",AVAILABLE,"{""2025-06-12T20:00:42Z"":""AVAILABLE""}",2025-06-12 20:00:42+00,2025-06-15 22:52:13.508712+00
5fca367d-d4b0-4f56-ae17-12686fa5370c,cc03a332-37af-4854-97f8-24424a991994,85e3cb61-6263-47fb-89b8-88d6eb7acaf1,7e394b09-96a6-437d-a89b-504510298c57,bf4011ae-19b1-4949-9316-fa676f7151c0,01dde810-681f-4c1f-8828-68bdbd0d1dc0,752661f2-f44f-4741-8f77-9a846d7cda45,213450,in,60,roll,120,"{""color"":""Black""}","{""row"":2,""code"":""F00AC02D02C00"",""depth"":2,""floor"":0,""group"":0,""column"":2}",AVAILABLE,"{""2025-06-12T20:00:42Z"":""AVAILABLE""}",2025-06-12 20:00:42+00,2025-06-15 22:52:13.508712+00
5fec2959-9159-4bab-b90e-37d11f830e38,cc03a332-37af-4854-97f8-24424a991994,85e3cb61-6263-47fb-89b8-88d6eb7acaf1,2723b6e5-194c-43e9-8785-b122f2b2536d,ff656bcd-f077-49ac-a7a3-585e868b2afc,01dde810-681f-4c1f-8828-68bdbd0d1dc0,92bbf385-057f-49e1-b0b2-22b28c527110,44543,m,2,roll,300,"{""type"":""Thick"",""color"":""White""}","{""row"":0,""code"":""F00AC00D05C01"",""depth"":5,""floor"":0,""group"":1,""column"":2}",AVAILABLE,"{""2025-06-12T20:00:42Z"":""AVAILABLE""}",2025-06-12 20:00:42+00,2025-06-15 22:52:13.508712+00
606d635c-5026-4767-a020-37312cbf31f3,cc03a332-37af-4854-97f8-24424a991994,85e3cb61-6263-47fb-89b8-88d6eb7acaf1,2723b6e5-194c-43e9-8785-b122f2b2536d,f03e1f6f-58fe-4a50-8da0-02fb02a5f646,01dde810-681f-4c1f-8828-68bdbd0d1dc0,,44543,m,2,roll,300,"{""type"":""Thick"",""color"":""White""}","{""row"":2,""code"":""F00AC02D04C00"",""depth"":4,""floor"":0,""group"":0,""column"":2}",AVAILABLE,"{""2025-06-12T20:00:42Z"":""AVAILABLE""}",2025-06-12 20:00:42+00,2025-06-15 22:52:13.508712+00
6705b420-372d-4e2e-8e64-0153bc594037,cc03a332-37af-4854-97f8-24424a991994,85e3cb61-6263-47fb-89b8-88d6eb7acaf1,2723b6e5-194c-43e9-8785-b122f2b2536d,f67ea764-1497-45b5-a6c4-07e4ef9174e0,01dde810-681f-4c1f-8828-68bdbd0d1dc0,92bbf385-057f-49e1-b0b2-22b28c527110,44543,m,2,roll,300,"{""type"":""Thick"",""color"":""White""}","{""row"":0,""code"":""F00AC00D04C01"",""depth"":4,""floor"":0,""group"":1,""column"":2}",AVAILABLE,"{""2025-06-12T20:00:42Z"":""AVAILABLE""}",2025-06-12 20:00:42+00,2025-06-15 22:52:13.508712+00
6811fcaa-a1f9-4fd0-9f7a-7ba1c62c6ecb,cc03a332-37af-4854-97f8-24424a991994,85e3cb61-6263-47fb-89b8-88d6eb7acaf1,2723b6e5-194c-43e9-8785-b122f2b2536d,962d207b-7ab9-4d6b-884d-518c33472a0b,01dde810-681f-4c1f-8828-68bdbd0d1dc0,92bbf385-057f-49e1-b0b2-22b28c527110,44543,m,2,roll,300,"{""type"":""Thick"",""color"":""White""}","{""row"":4,""code"":""F00AC04D00C00"",""depth"":0,""floor"":0,""group"":0,""column"":2}",AVAILABLE,"{""2025-06-12T20:00:42Z"":""AVAILABLE""}",2025-06-12 20:00:42+00,2025-06-15 22:52:13.508712+00
6a5d831a-c08d-4b71-bc95-83901009e611,cc03a332-37af-4854-97f8-24424a991994,85e3cb61-6263-47fb-89b8-88d6eb7acaf1,2723b6e5-194c-43e9-8785-b122f2b2536d,8b3fe050-826b-46c9-a990-f920d98fc06d,01dde810-681f-4c1f-8828-68bdbd0d1dc0,92bbf385-057f-49e1-b0b2-22b28c527110,44543,m,2,roll,300,"{""type"":""Thick"",""color"":""White""}","{""row"":4,""code"":""F00AB04D03C00"",""depth"":3,""floor"":0,""group"":0,""column"":1}",USED,"{""2025-06-12T20:00:42Z"":""AVAILABLE"",""2025-06-14T00:00:42Z"":""USED""}",2025-06-12 20:00:42+00,2025-06-15 22:55:55.455236+00
6c8d7f5e-34aa-4ae6-9906-4bfbcfc261e9,cc03a332-37af-4854-97f8-24424a991994,85e3cb61-6263-47fb-89b8-88d6eb7acaf1,9d709bf3-8e1e-457d-815c-828601c73242,b083f6ea-32f5-452a-8737-161107717c7c,01dde810-681f-4c1f-8828-68bdbd0d1dc0,747eca2c-70fc-406c-bfd7-dd834766acd3,43455,m,10,roll,434,{},"{""row"":0,""code"":""F00AA00D03C00"",""depth"":3,""floor"":0,""group"":0,""column"":0}",AVAILABLE,"{""2025-06-12T20:00:42Z"":""AVAILABLE""}",2025-06-12 20:00:42+00,2025-06-15 22:52:13.508712+00
6dae6873-300d-4e5d-9153-d29038e130e7,cc03a332-37af-4854-97f8-24424a991994,85e3cb61-6263-47fb-89b8-88d6eb7acaf1,2723b6e5-194c-43e9-8785-b122f2b2536d,944c0b28-23da-4529-85ae-9830b482f526,01dde810-681f-4c1f-8828-68bdbd0d1dc0,92bbf385-057f-49e1-b0b2-22b28c527110,44543,m,2,roll,300,"{""type"":""Thick"",""color"":""White""}","{""row"":4,""code"":""F00AB04D05C00"",""depth"":5,""floor"":0,""group"":0,""column"":1}",AVAILABLE,"{""2025-06-12T20:00:42Z"":""AVAILABLE""}",2025-06-12 20:00:42+00,2025-06-15 22:52:13.508712+00
785a5c01-33e0-498c-9af4-c48cff28b363,cc03a332-37af-4854-97f8-24424a991994,85e3cb61-6263-47fb-89b8-88d6eb7acaf1,7e394b09-96a6-437d-a89b-504510298c57,08c1eabc-ef3d-44dd-bc59-9b99f2187a06,01dde810-681f-4c1f-8828-68bdbd0d1dc0,3847f8ac-ba55-4d2a-b392-ba03c847fe47,213450,cm,150,roll,130,"{""color"":""White""}","{""row"":0,""code"":""F00AC00D02C00"",""depth"":2,""floor"":0,""group"":0,""column"":2}",AVAILABLE,"{""2025-06-12T20:00:42Z"":""AVAILABLE""}",2025-06-12 20:00:42+00,2025-06-15 22:52:13.508712+00
7f1856ed-1617-404d-9da1-ff440092356a,cc03a332-37af-4854-97f8-24424a991994,85e3cb61-6263-47fb-89b8-88d6eb7acaf1,7e394b09-96a6-437d-a89b-504510298c57,e2de4d94-8fec-4041-9737-96b0b6cd666a,01dde810-681f-4c1f-8828-68bdbd0d1dc0,3847f8ac-ba55-4d2a-b392-ba03c847fe47,213450,cm,150,roll,130,"{""color"":""White""}","{""row"":1,""code"":""F00AB01D05C00"",""depth"":5,""floor"":0,""group"":0,""column"":1}",AVAILABLE,"{""2025-06-12T20:00:42Z"":""AVAILABLE""}",2025-06-12 20:00:42+00,2025-06-15 22:52:13.508712+00
82edf423-3cc0-4b95-95bc-0dcdf6ace333,cc03a332-37af-4854-97f8-24424a991994,85e3cb61-6263-47fb-89b8-88d6eb7acaf1,2723b6e5-194c-43e9-8785-b122f2b2536d,764965f8-22a0-40a3-8895-e8f690f60649,01dde810-681f-4c1f-8828-68bdbd0d1dc0,92bbf385-057f-49e1-b0b2-22b28c527110,44543,m,2,roll,300,"{""type"":""Thick"",""color"":""White""}","{""row"":4,""code"":""F00AA04D00C00"",""depth"":0,""floor"":0,""group"":0,""column"":0}",USED,"{""2025-06-12T20:00:42Z"":""AVAILABLE"",""2025-06-14T00:00:42Z"":""USED""}",2025-06-12 20:00:42+00,2025-06-15 22:56:01.870266+00
832ea564-1dab-46be-b694-a5ac50ea4e96,cc03a332-37af-4854-97f8-24424a991994,85e3cb61-6263-47fb-89b8-88d6eb7acaf1,2723b6e5-194c-43e9-8785-b122f2b2536d,bddb5623-7cd5-4cdc-b145-eaa4c476dd88,01dde810-681f-4c1f-8828-68bdbd0d1dc0,92bbf385-057f-49e1-b0b2-22b28c527110,44543,m,2,roll,300,"{""type"":""Thick"",""color"":""White""}","{""row"":0,""code"":""F00AB00D01C01"",""depth"":1,""floor"":0,""group"":1,""column"":1}",AVAILABLE,"{""2025-06-12T20:00:42Z"":""AVAILABLE""}",2025-06-12 20:00:42+00,2025-06-15 22:52:13.508712+00
83dab587-2bf7-49c4-baf3-f973007e159e,cc03a332-37af-4854-97f8-24424a991994,85e3cb61-6263-47fb-89b8-88d6eb7acaf1,2723b6e5-194c-43e9-8785-b122f2b2536d,cfde265b-ad37-487b-997a-23badaa39a52,01dde810-681f-4c1f-8828-68bdbd0d1dc0,92bbf385-057f-49e1-b0b2-22b28c527110,44543,m,2,roll,300,"{""type"":""Thick"",""color"":""White""}","{""row"":0,""code"":""F00AC00D00C01"",""depth"":0,""floor"":0,""group"":1,""column"":2}",AVAILABLE,"{""2025-06-12T20:00:42Z"":""AVAILABLE""}",2025-06-12 20:00:42+00,2025-06-15 22:52:13.508712+00
84949013-5f62-49e8-a482-e07d6ad9637e,cc03a332-37af-4854-97f8-24424a991994,85e3cb61-6263-47fb-89b8-88d6eb7acaf1,2723b6e5-194c-43e9-8785-b122f2b2536d,ae67485a-6181-4c97-bcbf-824f9b990a83,01dde810-681f-4c1f-8828-68bdbd0d1dc0,92bbf385-057f-49e1-b0b2-22b28c527110,44543,m,2,roll,300,"{""type"":""Thick"",""color"":""White""}","{""row"":0,""code"":""F00AA00D03C01"",""depth"":3,""floor"":0,""group"":1,""column"":0}",AVAILABLE,"{""2025-06-12T20:00:42Z"":""AVAILABLE""}",2025-06-12 20:00:42+00,2025-06-15 22:52:13.508712+00
86693aab-06fa-4db8-adc5-d7c32ef18b6f,cc03a332-37af-4854-97f8-24424a991994,85e3cb61-6263-47fb-89b8-88d6eb7acaf1,7e394b09-96a6-437d-a89b-504510298c57,2c0f12c0-fbcb-4918-945b-664f39403a94,01dde810-681f-4c1f-8828-68bdbd0d1dc0,3847f8ac-ba55-4d2a-b392-ba03c847fe47,213450,cm,150,roll,130,"{""color"":""White""}","{""row"":0,""code"":""F00AC00D04C00"",""depth"":4,""floor"":0,""group"":0,""column"":2}",AVAILABLE,"{""2025-06-12T20:00:42Z"":""AVAILABLE""}",2025-06-12 20:00:42+00,2025-06-15 22:52:13.508712+00
88128b0c-e48c-4722-add5-8be52b103bc1,cc03a332-37af-4854-97f8-24424a991994,85e3cb61-6263-47fb-89b8-88d6eb7acaf1,2723b6e5-194c-43e9-8785-b122f2b2536d,cc6e5634-c41f-431a-8c06-ebf840d0bccb,01dde810-681f-4c1f-8828-68bdbd0d1dc0,92bbf385-057f-49e1-b0b2-22b28c527110,44543,m,2,roll,300,"{""type"":""Thick"",""color"":""White""}","{""row"":0,""code"":""F00AB00D05C01"",""depth"":5,""floor"":0,""group"":1,""column"":1}",AVAILABLE,"{""2025-06-12T20:00:42Z"":""AVAILABLE""}",2025-06-12 20:00:42+00,2025-06-15 22:52:13.508712+00
883c7987-1afd-458c-9411-8be360f83627,cc03a332-37af-4854-97f8-24424a991994,85e3cb61-6263-47fb-89b8-88d6eb7acaf1,2723b6e5-194c-43e9-8785-b122f2b2536d,3fa339f2-6770-4439-abd9-9f1e2bea17a3,01dde810-681f-4c1f-8828-68bdbd0d1dc0,92bbf385-057f-49e1-b0b2-22b28c527110,44543,m,2,roll,300,"{""type"":""Thick"",""color"":""White""}","{""row"":3,""code"":""F00AB03D05C00"",""depth"":5,""floor"":0,""group"":0,""column"":1}",USED,"{""2025-06-12T20:00:42Z"":""AVAILABLE"",""2025-06-14T00:00:42Z"":""USED""}",2025-06-12 20:00:42+00,2025-06-15 22:56:04.9795+00
894629ce-b82e-4c4b-a8e7-f5c15f9bf0a1,cc03a332-37af-4854-97f8-24424a991994,85e3cb61-6263-47fb-89b8-88d6eb7acaf1,7e394b09-96a6-437d-a89b-504510298c57,b2d6dc86-6b04-4093-9ada-39622735f219,01dde810-681f-4c1f-8828-68bdbd0d1dc0,752661f2-f44f-4741-8f77-9a846d7cda45,213450,in,60,roll,120,"{""color"":""White""}","{""row"":2,""code"":""F00AC02D03C00"",""depth"":3,""floor"":0,""group"":0,""column"":2}",AVAILABLE,"{""2025-06-12T20:00:42Z"":""AVAILABLE""}",2025-06-12 20:00:42+00,2025-06-15 22:52:13.508712+00
8cf69291-f9ac-4626-ba70-6d04fe3a00a7,cc03a332-37af-4854-97f8-24424a991994,85e3cb61-6263-47fb-89b8-88d6eb7acaf1,7e394b09-96a6-437d-a89b-504510298c57,057f5e91-2bfa-4b8f-abd3-fbf8bf92eb73,01dde810-681f-4c1f-8828-68bdbd0d1dc0,72ab0d77-f2b1-455c-9197-304058ff1115,213453,m,1.4,roll,100,"{""color"":""Red""}","{""row"":1,""code"":""F00AC01D02C00"",""depth"":2,""floor"":0,""group"":0,""column"":2}",AVAILABLE,"{""2025-06-12T20:00:42Z"":""AVAILABLE""}",2025-06-12 20:00:42+00,2025-06-15 22:52:13.508712+00
8ef7f239-0ae0-49d3-86e8-80ed30c96bb2,cc03a332-37af-4854-97f8-24424a991994,85e3cb61-6263-47fb-89b8-88d6eb7acaf1,7e394b09-96a6-437d-a89b-504510298c57,c3e992dd-ed45-4327-8cc9-748989ef396e,01dde810-681f-4c1f-8828-68bdbd0d1dc0,752661f2-f44f-4741-8f77-9a846d7cda45,213450,in,60,roll,120,"{""color"":""White""}","{""row"":2,""code"":""F00AC02D01C00"",""depth"":1,""floor"":0,""group"":0,""column"":2}",AVAILABLE,"{""2025-06-12T20:00:42Z"":""AVAILABLE""}",2025-06-12 20:00:42+00,2025-06-15 22:52:13.508712+00
9346f12b-90f2-47ed-ae36-1b1c2e45fde8,cc03a332-37af-4854-97f8-24424a991994,85e3cb61-6263-47fb-89b8-88d6eb7acaf1,7e394b09-96a6-437d-a89b-504510298c57,c6a3a137-02a7-46ab-9188-4477f58b2cc4,01dde810-681f-4c1f-8828-68bdbd0d1dc0,3847f8ac-ba55-4d2a-b392-ba03c847fe47,213450,cm,150,roll,130,"{""color"":""White""}","{""row"":1,""code"":""F00AB01D01C00"",""depth"":1,""floor"":0,""group"":0,""column"":1}",AVAILABLE,"{""2025-06-12T20:00:42Z"":""AVAILABLE""}",2025-06-12 20:00:42+00,2025-06-15 22:52:13.508712+00
9348adcf-fbac-43dc-9ead-807ca2f64689,cc03a332-37af-4854-97f8-24424a991994,85e3cb61-6263-47fb-89b8-88d6eb7acaf1,7e394b09-96a6-437d-a89b-504510298c57,ada481c2-849b-4c41-8470-9c636a80bffd,01dde810-681f-4c1f-8828-68bdbd0d1dc0,3847f8ac-ba55-4d2a-b392-ba03c847fe47,213450,cm,150,roll,130,"{""color"":""White""}","{""row"":1,""code"":""F00AA01D05C00"",""depth"":5,""floor"":0,""group"":0,""column"":0}",AVAILABLE,"{""2025-06-12T20:00:42Z"":""AVAILABLE""}",2025-06-12 20:00:42+00,2025-06-15 22:52:13.508712+00
96d7f46e-3610-43ca-81ee-66ebadd356da,cc03a332-37af-4854-97f8-24424a991994,85e3cb61-6263-47fb-89b8-88d6eb7acaf1,7e394b09-96a6-437d-a89b-504510298c57,03e9a7e7-241c-40da-8ed9-1d4fbf759775,01dde810-681f-4c1f-8828-68bdbd0d1dc0,3847f8ac-ba55-4d2a-b392-ba03c847fe47,213450,cm,150,roll,130,"{""color"":""White""}","{""row"":0,""code"":""F00AC00D00C00"",""depth"":0,""floor"":0,""group"":0,""column"":2}",AVAILABLE,"{""2025-06-12T20:00:42Z"":""AVAILABLE""}",2025-06-12 20:00:42+00,2025-06-15 22:52:13.508712+00
98f45187-a3af-426a-8cce-a17553fbc137,cc03a332-37af-4854-97f8-24424a991994,85e3cb61-6263-47fb-89b8-88d6eb7acaf1,7e394b09-96a6-437d-a89b-504510298c57,ef1f4086-c2ab-4657-8c5f-54f6c73916cd,01dde810-681f-4c1f-8828-68bdbd0d1dc0,0e168968-384b-43fa-8be6-c6336002a5cf,213450,ft,5,roll,120,"{""color"":""Khaki""}","{""row"":2,""code"":""F00AB02D03C00"",""depth"":3,""floor"":0,""group"":0,""column"":1}",AVAILABLE,"{""2025-06-12T20:00:42Z"":""AVAILABLE""}",2025-06-12 20:00:42+00,2025-06-15 22:52:13.508712+00
9ef84e98-0a7b-4002-8a9c-4c4d5f0504b8,cc03a332-37af-4854-97f8-24424a991994,85e3cb61-6263-47fb-89b8-88d6eb7acaf1,2723b6e5-194c-43e9-8785-b122f2b2536d,07788e75-fe7e-4613-80cd-820cbe3c4dc9,01dde810-681f-4c1f-8828-68bdbd0d1dc0,92bbf385-057f-49e1-b0b2-22b28c527110,44543,m,2,roll,300,"{""type"":""Thick"",""color"":""White""}","{""row"":3,""code"":""F00AB03D00C00"",""depth"":0,""floor"":0,""group"":0,""column"":1}",USED,"{""2025-06-12T20:00:42Z"":""AVAILABLE"",""2025-06-13T10:00:42Z"":""USED""}",2025-06-12 20:00:42+00,2025-06-15 22:56:11.978111+00
a7504541-183b-4433-b693-ebcdb1eaaf25,cc03a332-37af-4854-97f8-24424a991994,85e3cb61-6263-47fb-89b8-88d6eb7acaf1,2723b6e5-194c-43e9-8785-b122f2b2536d,9e8aac1b-d2ae-40af-b617-47ca4d77fa3a,01dde810-681f-4c1f-8828-68bdbd0d1dc0,92bbf385-057f-49e1-b0b2-22b28c527110,44543,m,2,roll,300,"{""type"":""Thick"",""color"":""White""}","{""row"":4,""code"":""F00AC04D02C00"",""depth"":2,""floor"":0,""group"":0,""column"":2}",AVAILABLE,"{""2025-06-12T20:00:42Z"":""AVAILABLE""}",2025-06-12 20:00:42+00,2025-06-15 22:52:13.508712+00
a86694e8-8ccc-4c84-9953-fb068b893f90,cc03a332-37af-4854-97f8-24424a991994,85e3cb61-6263-47fb-89b8-88d6eb7acaf1,7e394b09-96a6-437d-a89b-504510298c57,e5303847-ad76-4f26-ad91-e59bef8ed80f,01dde810-681f-4c1f-8828-68bdbd0d1dc0,0e168968-384b-43fa-8be6-c6336002a5cf,213450,ft,5,roll,120,"{""color"":""Khaki""}","{""row"":2,""code"":""F00AB02D04C00"",""depth"":4,""floor"":0,""group"":0,""column"":1}",AVAILABLE,"{""2025-06-12T20:00:42Z"":""AVAILABLE""}",2025-06-12 20:00:42+00,2025-06-15 22:52:13.508712+00
aa75fd8e-bb18-4b2b-b66f-f0dedc115ce9,cc03a332-37af-4854-97f8-24424a991994,85e3cb61-6263-47fb-89b8-88d6eb7acaf1,2723b6e5-194c-43e9-8785-b122f2b2536d,d880dfa2-8a24-4453-b457-bc278d2986fe,01dde810-681f-4c1f-8828-68bdbd0d1dc0,,44543,m,2,roll,300,"{""type"":""Thick"",""color"":""White""}","{""row"":3,""code"":""F00AA03D00C00"",""depth"":0,""floor"":0,""group"":0,""column"":0}",AVAILABLE,"{""2025-06-12T20:00:42Z"":""AVAILABLE""}",2025-06-12 20:00:42+00,2025-06-15 22:52:13.508712+00
acdc40ba-e6e2-4612-826a-14a6d993252c,cc03a332-37af-4854-97f8-24424a991994,85e3cb61-6263-47fb-89b8-88d6eb7acaf1,2723b6e5-194c-43e9-8785-b122f2b2536d,ebcdabfb-cdf0-463f-bed9-5d834ef82500,01dde810-681f-4c1f-8828-68bdbd0d1dc0,92bbf385-057f-49e1-b0b2-22b28c527110,44543,m,2,roll,300,"{""type"":""Thick"",""color"":""White""}","{""row"":0,""code"":""F00AC00D01C01"",""depth"":1,""floor"":0,""group"":1,""column"":2}",AVAILABLE,"{""2025-06-12T20:00:42Z"":""AVAILABLE""}",2025-06-12 20:00:42+00,2025-06-15 22:52:13.508712+00
ad99c280-e538-4a09-a498-8fa07d775011,cc03a332-37af-4854-97f8-24424a991994,85e3cb61-6263-47fb-89b8-88d6eb7acaf1,9d709bf3-8e1e-457d-815c-828601c73242,54dd3f1f-839b-42f8-953d-09b2cfc294c1,01dde810-681f-4c1f-8828-68bdbd0d1dc0,747eca2c-70fc-406c-bfd7-dd834766acd3,43455,m,10,roll,434,{},"{""row"":0,""code"":""F00AA00D00C00"",""depth"":0,""floor"":0,""group"":0,""column"":0}",AVAILABLE,"{""2025-06-12T20:00:42Z"":""AVAILABLE""}",2025-06-12 20:00:42+00,2025-06-15 22:52:13.508712+00
addc13c4-6d8b-4240-ad0b-4435235fa0fd,cc03a332-37af-4854-97f8-24424a991994,85e3cb61-6263-47fb-89b8-88d6eb7acaf1,9d709bf3-8e1e-457d-815c-828601c73242,bc671f16-6522-4f36-83c5-b29cb24b8b4b,01dde810-681f-4c1f-8828-68bdbd0d1dc0,9572fd74-02cd-47f3-b536-b51a4336e5fd,43455,m,10,roll,434,{},"{""row"":0,""code"":""F00AB00D01C00"",""depth"":1,""floor"":0,""group"":0,""column"":1}",AVAILABLE,"{""2025-06-12T20:00:42Z"":""AVAILABLE""}",2025-06-12 20:00:42+00,2025-06-15 22:52:13.508712+00
af4c1677-e819-4c9e-a53a-df9dd919c92c,cc03a332-37af-4854-97f8-24424a991994,85e3cb61-6263-47fb-89b8-88d6eb7acaf1,2723b6e5-194c-43e9-8785-b122f2b2536d,795afbfa-d90f-45c0-ad78-a18bfe7fc89d,01dde810-681f-4c1f-8828-68bdbd0d1dc0,92bbf385-057f-49e1-b0b2-22b28c527110,44543,m,2,roll,300,"{""type"":""Thick"",""color"":""White""}","{""row"":4,""code"":""F00AA04D02C00"",""depth"":2,""floor"":0,""group"":0,""column"":0}",USED,"{""2025-06-12T20:00:42Z"":""AVAILABLE"",""2025-06-13T10:00:42Z"":""USED""}",2025-06-12 20:00:42+00,2025-06-15 22:56:18.809628+00
af7b8c68-a6aa-470c-af0d-e0b224a24dd1,cc03a332-37af-4854-97f8-24424a991994,85e3cb61-6263-47fb-89b8-88d6eb7acaf1,2723b6e5-194c-43e9-8785-b122f2b2536d,ad09a18f-a72c-4641-b950-82794a5241b8,01dde810-681f-4c1f-8828-68bdbd0d1dc0,92bbf385-057f-49e1-b0b2-22b28c527110,44543,m,2,roll,300,"{""type"":""Thick"",""color"":""White""}","{""row"":0,""code"":""F00AA00D01C01"",""depth"":1,""floor"":0,""group"":1,""column"":0}",AVAILABLE,"{""2025-06-12T20:00:42Z"":""AVAILABLE""}",2025-06-12 20:00:42+00,2025-06-15 22:52:13.508712+00
afbe0e8c-3f7b-4c1c-a040-4345ebe5ed3f,cc03a332-37af-4854-97f8-24424a991994,85e3cb61-6263-47fb-89b8-88d6eb7acaf1,7e394b09-96a6-437d-a89b-504510298c57,d7c01fc1-f36b-491c-82f9-ac9c13f9da20,01dde810-681f-4c1f-8828-68bdbd0d1dc0,3847f8ac-ba55-4d2a-b392-ba03c847fe47,213450,cm,150,roll,130,"{""color"":""White""}","{""row"":1,""code"":""F00AB01D03C00"",""depth"":3,""floor"":0,""group"":0,""column"":1}",AVAILABLE,"{""2025-06-12T20:00:42Z"":""AVAILABLE""}",2025-06-12 20:00:42+00,2025-06-15 22:52:13.508712+00
b1bbf92d-7ee9-485a-9344-8bf90a52fab2,cc03a332-37af-4854-97f8-24424a991994,85e3cb61-6263-47fb-89b8-88d6eb7acaf1,2723b6e5-194c-43e9-8785-b122f2b2536d,e79dbfe8-59ef-40dd-a875-df8f177f9b17,01dde810-681f-4c1f-8828-68bdbd0d1dc0,,44543,m,2,roll,300,"{""type"":""Thick"",""color"":""White""}","{""row"":3,""code"":""F00AA03D02C00"",""depth"":2,""floor"":0,""group"":0,""column"":0}",AVAILABLE,"{""2025-06-12T20:00:42Z"":""AVAILABLE""}",2025-06-12 20:00:42+00,2025-06-15 22:52:13.508712+00
b6df3593-f1cf-4050-b68b-ca22f9710af3,cc03a332-37af-4854-97f8-24424a991994,85e3cb61-6263-47fb-89b8-88d6eb7acaf1,9d709bf3-8e1e-457d-815c-828601c73242,89182f2d-e781-4780-8367-a3f85fa9547f,01dde810-681f-4c1f-8828-68bdbd0d1dc0,747eca2c-70fc-406c-bfd7-dd834766acd3,43455,m,10,roll,434,{},"{""row"":0,""code"":""F00AA00D01C00"",""depth"":1,""floor"":0,""group"":0,""column"":0}",AVAILABLE,"{""2025-06-12T20:00:42Z"":""AVAILABLE""}",2025-06-12 20:00:42+00,2025-06-15 22:52:13.508712+00
badbd709-c90e-46a9-87c1-6e5018a50c2d,cc03a332-37af-4854-97f8-24424a991994,85e3cb61-6263-47fb-89b8-88d6eb7acaf1,7e394b09-96a6-437d-a89b-504510298c57,f5f9f551-5307-42b5-b8b7-121143eaa691,01dde810-681f-4c1f-8828-68bdbd0d1dc0,0e168968-384b-43fa-8be6-c6336002a5cf,213450,ft,5,roll,120,"{""color"":""Khaki""}","{""row"":2,""code"":""F00AB02D02C00"",""depth"":2,""floor"":0,""group"":0,""column"":1}",AVAILABLE,"{""2025-06-12T20:00:42Z"":""AVAILABLE""}",2025-06-12 20:00:42+00,2025-06-15 22:52:13.508712+00
bbafe887-15cf-44c7-a155-a29528dfd05b,cc03a332-37af-4854-97f8-24424a991994,85e3cb61-6263-47fb-89b8-88d6eb7acaf1,2723b6e5-194c-43e9-8785-b122f2b2536d,768669ed-d518-4867-acc5-fc026d41c2df,01dde810-681f-4c1f-8828-68bdbd0d1dc0,92bbf385-057f-49e1-b0b2-22b28c527110,44543,m,2,roll,300,"{""type"":""Thick"",""color"":""White""}","{""row"":4,""code"":""F00AA04D01C00"",""depth"":1,""floor"":0,""group"":0,""column"":0}",USED,"{""2025-06-12T20:00:42Z"":""AVAILABLE"",""2025-06-13T10:00:42Z"":""USED""}",2025-06-12 20:00:42+00,2025-06-15 22:56:21.656032+00
bcb79a90-4429-4ea4-aef2-f46306a03a71,cc03a332-37af-4854-97f8-24424a991994,85e3cb61-6263-47fb-89b8-88d6eb7acaf1,2723b6e5-194c-43e9-8785-b122f2b2536d,ad70dbe2-c1d0-4657-9e4c-60b5cb3787a0,01dde810-681f-4c1f-8828-68bdbd0d1dc0,92bbf385-057f-49e1-b0b2-22b28c527110,44543,m,2,roll,300,"{""type"":""Thick"",""color"":""White""}","{""row"":0,""code"":""F00AA00D02C01"",""depth"":2,""floor"":0,""group"":1,""column"":0}",AVAILABLE,"{""2025-06-12T20:00:42Z"":""AVAILABLE""}",2025-06-12 20:00:42+00,2025-06-15 22:52:13.508712+00
c6655410-be83-47df-8639-d230fb5decbc,cc03a332-37af-4854-97f8-24424a991994,85e3cb61-6263-47fb-89b8-88d6eb7acaf1,7e394b09-96a6-437d-a89b-504510298c57,09272d5b-3714-4d9c-99a9-39d1f6b50b47,01dde810-681f-4c1f-8828-68bdbd0d1dc0,3847f8ac-ba55-4d2a-b392-ba03c847fe47,213450,cm,150,roll,130,"{""color"":""White""}","{""row"":0,""code"":""F00AC00D03C00"",""depth"":3,""floor"":0,""group"":0,""column"":2}",AVAILABLE,"{""2025-06-12T20:00:42Z"":""AVAILABLE""}",2025-06-12 20:00:42+00,2025-06-15 22:52:13.508712+00
cb197b02-cd1e-4970-ac2b-ac438eb61138,cc03a332-37af-4854-97f8-24424a991994,85e3cb61-6263-47fb-89b8-88d6eb7acaf1,7e394b09-96a6-437d-a89b-504510298c57,cd2dca4a-e62a-4afa-b6af-bd41e0a8ed21,01dde810-681f-4c1f-8828-68bdbd0d1dc0,72ab0d77-f2b1-455c-9197-304058ff1115,213453,m,1.4,roll,100,"{""color"":""Red""}","{""row"":2,""code"":""F00AA02D03C00"",""depth"":3,""floor"":0,""group"":0,""column"":0}",AVAILABLE,"{""2025-06-12T20:00:42Z"":""AVAILABLE""}",2025-06-12 20:00:42+00,2025-06-15 22:52:13.508712+00
cf429475-eb76-4872-b3d2-c949440aa534,cc03a332-37af-4854-97f8-24424a991994,85e3cb61-6263-47fb-89b8-88d6eb7acaf1,2723b6e5-194c-43e9-8785-b122f2b2536d,8cea57a9-26e3-40dd-bf27-f152a487406e,01dde810-681f-4c1f-8828-68bdbd0d1dc0,92bbf385-057f-49e1-b0b2-22b28c527110,44543,m,2,roll,300,"{""type"":""Thick"",""color"":""White""}","{""row"":4,""code"":""F00AB04D04C00"",""depth"":4,""floor"":0,""group"":0,""column"":1}",AVAILABLE,"{""2025-06-12T20:00:42Z"":""AVAILABLE""}",2025-06-12 20:00:42+00,2025-06-15 22:52:13.508712+00
d13b7531-2af9-42c1-bc91-8c2a8fc775bf,cc03a332-37af-4854-97f8-24424a991994,85e3cb61-6263-47fb-89b8-88d6eb7acaf1,2723b6e5-194c-43e9-8785-b122f2b2536d,71a8221d-e0f6-4833-8a92-158f41203923,01dde810-681f-4c1f-8828-68bdbd0d1dc0,92bbf385-057f-49e1-b0b2-22b28c527110,44543,m,2,roll,300,"{""type"":""Thick"",""color"":""White""}","{""row"":3,""code"":""F00AC03D05C00"",""depth"":5,""floor"":0,""group"":0,""column"":2}",USED,"{""2025-06-12T20:00:42Z"":""AVAILABLE"",""2025-06-13T10:00:42Z"":""USED""}",2025-06-12 20:00:42+00,2025-06-15 22:56:34.018953+00
d1a0902d-661c-42bd-88f5-a889f62bdeac,cc03a332-37af-4854-97f8-24424a991994,85e3cb61-6263-47fb-89b8-88d6eb7acaf1,2723b6e5-194c-43e9-8785-b122f2b2536d,87a952de-c7e0-4206-a3b2-1eeffb3733c3,01dde810-681f-4c1f-8828-68bdbd0d1dc0,92bbf385-057f-49e1-b0b2-22b28c527110,44543,m,2,roll,300,"{""type"":""Thick"",""color"":""White""}","{""row"":4,""code"":""F00AB04D02C00"",""depth"":2,""floor"":0,""group"":0,""column"":1}",USED,"{""2025-06-12T20:00:42Z"":""AVAILABLE"",""2025-06-13T10:00:42Z"":""USED""}",2025-06-12 20:00:42+00,2025-06-15 22:56:34.007526+00
d2d2978f-c82d-4cb3-b338-2fca8e91ce21,cc03a332-37af-4854-97f8-24424a991994,85e3cb61-6263-47fb-89b8-88d6eb7acaf1,2723b6e5-194c-43e9-8785-b122f2b2536d,7bf3c8c8-1234-4e37-af67-4e7e5dc6d96c,01dde810-681f-4c1f-8828-68bdbd0d1dc0,92bbf385-057f-49e1-b0b2-22b28c527110,44543,m,2,roll,300,"{""type"":""Thick"",""color"":""White""}","{""row"":4,""code"":""F00AA04D04C00"",""depth"":4,""floor"":0,""group"":0,""column"":0}",USED,"{""2025-06-12T20:00:42Z"":""AVAILABLE"",""2025-06-13T10:00:42Z"":""USED""}",2025-06-12 20:00:42+00,2025-06-15 22:56:34.013544+00
d336b4f2-b7a0-4bf2-8cae-6e50c949e8e0,cc03a332-37af-4854-97f8-24424a991994,85e3cb61-6263-47fb-89b8-88d6eb7acaf1,2723b6e5-194c-43e9-8785-b122f2b2536d,9ea08c60-e670-4d6b-8d66-6768251194af,01dde810-681f-4c1f-8828-68bdbd0d1dc0,92bbf385-057f-49e1-b0b2-22b28c527110,44543,m,2,roll,300,"{""type"":""Thick"",""color"":""White""}","{""row"":4,""code"":""F00AC04D03C00"",""depth"":3,""floor"":0,""group"":0,""column"":2}",AVAILABLE,"{""2025-06-12T20:00:42Z"":""AVAILABLE""}",2025-06-12 20:00:42+00,2025-06-15 22:52:13.508712+00
d71d5fd8-dacf-4f5b-b50d-e36ee38d666d,cc03a332-37af-4854-97f8-24424a991994,85e3cb61-6263-47fb-89b8-88d6eb7acaf1,2723b6e5-194c-43e9-8785-b122f2b2536d,61054b70-9509-42a8-85fe-ddb8bcbc6021,01dde810-681f-4c1f-8828-68bdbd0d1dc0,92bbf385-057f-49e1-b0b2-22b28c527110,44543,m,2,roll,300,"{""type"":""Thick"",""color"":""White""}","{""row"":3,""code"":""F00AC03D03C00"",""depth"":3,""floor"":0,""group"":0,""column"":2}",USED,"{""2025-06-12T20:00:42Z"":""AVAILABLE"",""2025-06-14T15:00:42Z"":""USED""}",2025-06-12 20:00:42+00,2025-06-15 22:56:36.836422+00
da98e083-2a3e-4f0a-bf6a-800567f708ce,cc03a332-37af-4854-97f8-24424a991994,85e3cb61-6263-47fb-89b8-88d6eb7acaf1,2723b6e5-194c-43e9-8785-b122f2b2536d,4ac74fd4-cead-453d-b5b2-5ee1a3605e2a,01dde810-681f-4c1f-8828-68bdbd0d1dc0,92bbf385-057f-49e1-b0b2-22b28c527110,44543,m,2,roll,300,"{""type"":""Thick"",""color"":""White""}","{""row"":3,""code"":""F00AC03D00C00"",""depth"":0,""floor"":0,""group"":0,""column"":2}",USED,"{""2025-06-12T20:00:42Z"":""AVAILABLE"",""2025-06-14T15:00:42Z"":""USED""}",2025-06-12 20:00:42+00,2025-06-15 22:56:49.651787+00
dd00574c-e43b-43f0-9834-cb848f9e8a20,cc03a332-37af-4854-97f8-24424a991994,85e3cb61-6263-47fb-89b8-88d6eb7acaf1,2723b6e5-194c-43e9-8785-b122f2b2536d,644e0031-73da-4b1e-a081-894f79c3a13a,01dde810-681f-4c1f-8828-68bdbd0d1dc0,92bbf385-057f-49e1-b0b2-22b28c527110,44543,m,2,roll,300,"{""type"":""Thick"",""color"":""White""}","{""row"":3,""code"":""F00AC03D04C00"",""depth"":4,""floor"":0,""group"":0,""column"":2}",USED,"{""2025-06-12T20:00:42Z"":""AVAILABLE"",""2025-06-14T15:00:42Z"":""USED""}",2025-06-12 20:00:42+00,2025-06-15 22:56:51.604323+00
df72513f-a48d-4f42-9f4c-35bc4d14bc21,cc03a332-37af-4854-97f8-24424a991994,85e3cb61-6263-47fb-89b8-88d6eb7acaf1,7e394b09-96a6-437d-a89b-504510298c57,31f8a878-9ed7-4eb5-b0e7-3aa3d50fe009,01dde810-681f-4c1f-8828-68bdbd0d1dc0,3847f8ac-ba55-4d2a-b392-ba03c847fe47,213450,cm,150,roll,130,"{""color"":""White""}","{""row"":0,""code"":""F00AC00D05C00"",""depth"":5,""floor"":0,""group"":0,""column"":2}",AVAILABLE,"{""2025-06-12T20:00:42Z"":""AVAILABLE""}",2025-06-12 20:00:42+00,2025-06-15 22:57:11.446935+00
e53eb5c2-65c5-44f8-ab31-00d5afc61a62,cc03a332-37af-4854-97f8-24424a991994,85e3cb61-6263-47fb-89b8-88d6eb7acaf1,2723b6e5-194c-43e9-8785-b122f2b2536d,4e88c123-6774-4fc4-99de-627701c4d8de,01dde810-681f-4c1f-8828-68bdbd0d1dc0,92bbf385-057f-49e1-b0b2-22b28c527110,44543,m,2,roll,300,"{""type"":""Thick"",""color"":""White""}","{""row"":3,""code"":""F00AC03D01C00"",""depth"":1,""floor"":0,""group"":0,""column"":2}",USED,"{""2025-06-12T20:00:42Z"":""AVAILABLE"",""2025-06-14T15:00:42Z"":""USED""}",2025-06-12 20:00:42+00,2025-06-15 22:56:54.599156+00
e5cf5984-af8e-42fe-9656-3cab4e8d398a,cc03a332-37af-4854-97f8-24424a991994,85e3cb61-6263-47fb-89b8-88d6eb7acaf1,7e394b09-96a6-437d-a89b-504510298c57,68f1c02e-1280-4da9-a347-31574eb4c434,01dde810-681f-4c1f-8828-68bdbd0d1dc0,3847f8ac-ba55-4d2a-b392-ba03c847fe47,213450,cm,150,roll,130,"{""color"":""White""}","{""row"":1,""code"":""F00AA01D03C00"",""depth"":3,""floor"":0,""group"":0,""column"":0}",AVAILABLE,"{""2025-06-12T20:00:42Z"":""AVAILABLE""}",2025-06-12 20:00:42+00,2025-06-15 22:57:37.055572+00
e6c01794-1769-4c8f-8ade-03acaab446b2,cc03a332-37af-4854-97f8-24424a991994,85e3cb61-6263-47fb-89b8-88d6eb7acaf1,2723b6e5-194c-43e9-8785-b122f2b2536d,07234252-ff4b-4dd2-8072-0fcca9e30081,01dde810-681f-4c1f-8828-68bdbd0d1dc0,92bbf385-057f-49e1-b0b2-22b28c527110,44543,m,2,roll,300,"{""type"":""Thick"",""color"":""White""}","{""row"":3,""code"":""F00AA03D05C00"",""depth"":5,""floor"":0,""group"":0,""column"":0}",USED,"{""2025-06-12T20:00:42Z"":""AVAILABLE"",""2025-06-14T15:00:42Z"":""USED""}",2025-06-12 20:00:42+00,2025-06-15 22:56:57.844627+00
e98395d5-1fc6-4895-b568-88a7fdebfa65,cc03a332-37af-4854-97f8-24424a991994,85e3cb61-6263-47fb-89b8-88d6eb7acaf1,2723b6e5-194c-43e9-8785-b122f2b2536d,80c554b7-4d7a-4a68-801e-4af69a7ec86f,01dde810-681f-4c1f-8828-68bdbd0d1dc0,92bbf385-057f-49e1-b0b2-22b28c527110,44543,m,2,roll,300,"{""type"":""Thick"",""color"":""White""}","{""row"":4,""code"":""F00AB04D00C00"",""depth"":0,""floor"":0,""group"":0,""column"":1}",USED,"{""2025-06-12T20:00:42Z"":""AVAILABLE"",""2025-06-14T05:00:42Z"":""USED""}",2025-06-12 20:00:42+00,2025-06-15 22:57:37.054169+00
ede0ef6b-d2d6-4cec-92cd-fd5cb626b75d,cc03a332-37af-4854-97f8-24424a991994,85e3cb61-6263-47fb-89b8-88d6eb7acaf1,2723b6e5-194c-43e9-8785-b122f2b2536d,f0c583f0-af17-4414-8a76-34869766c80e,01dde810-681f-4c1f-8828-68bdbd0d1dc0,92bbf385-057f-49e1-b0b2-22b28c527110,44543,m,2,roll,300,"{""type"":""Thick"",""color"":""White""}","{""row"":0,""code"":""F00AC00D02C01"",""depth"":2,""floor"":0,""group"":1,""column"":2}",USED,"{""2025-06-12T20:00:42Z"":""AVAILABLE"",""2025-06-14T05:00:42Z"":""USED""}",2025-06-12 20:00:42+00,2025-06-15 22:57:37.066118+00
f11a6c7a-10c2-450c-9061-6a94af8badac,cc03a332-37af-4854-97f8-24424a991994,85e3cb61-6263-47fb-89b8-88d6eb7acaf1,9d709bf3-8e1e-457d-815c-828601c73242,8bd19dc1-d763-4e32-bf13-60fcbe22951f,01dde810-681f-4c1f-8828-68bdbd0d1dc0,747eca2c-70fc-406c-bfd7-dd834766acd3,43455,m,10,roll,434,{},"{""row"":0,""code"":""F00AA00D02C00"",""depth"":2,""floor"":0,""group"":0,""column"":0}",AVAILABLE,"{""2025-06-12T20:00:42Z"":""AVAILABLE""}",2025-06-12 20:00:42+00,2025-06-15 22:52:13.508712+00
f15d509a-e857-4666-b23c-0ff75efdc53e,cc03a332-37af-4854-97f8-24424a991994,85e3cb61-6263-47fb-89b8-88d6eb7acaf1,7e394b09-96a6-437d-a89b-504510298c57,548b1c32-db91-4c2e-a1a7-4e140050db42,01dde810-681f-4c1f-8828-68bdbd0d1dc0,3847f8ac-ba55-4d2a-b392-ba03c847fe47,213450,cm,150,roll,130,"{""color"":""White""}","{""row"":1,""code"":""F00AA01D00C00"",""depth"":0,""floor"":0,""group"":0,""column"":0}",AVAILABLE,"{""2025-06-12T20:00:42Z"":""AVAILABLE""}",2025-06-12 20:00:42+00,2025-06-15 22:52:13.508712+00
f2fd1bfc-06d5-4975-9ead-5fc7a05201d0,cc03a332-37af-4854-97f8-24424a991994,85e3cb61-6263-47fb-89b8-88d6eb7acaf1,2723b6e5-194c-43e9-8785-b122f2b2536d,83efdef9-6710-4200-8694-8d92bb7cd3c2,01dde810-681f-4c1f-8828-68bdbd0d1dc0,92bbf385-057f-49e1-b0b2-22b28c527110,44543,m,2,roll,300,"{""type"":""Thick"",""color"":""White""}","{""row"":4,""code"":""F00AB04D01C00"",""depth"":1,""floor"":0,""group"":0,""column"":1}",USED,"{""2025-06-12T20:00:42Z"":""USED""}",2025-06-12 20:00:42+00,2025-06-15 22:52:13.508712+00
f798ffdc-4c31-4ec1-947d-4f9a0dbe9196,cc03a332-37af-4854-97f8-24424a991994,85e3cb61-6263-47fb-89b8-88d6eb7acaf1,7e394b09-96a6-437d-a89b-504510298c57,1410de48-7c0e-4208-89bd-d8c8b56cb047,01dde810-681f-4c1f-8828-68bdbd0d1dc0,72ab0d77-f2b1-455c-9197-304058ff1115,213453,m,1.4,roll,100,"{""color"":""Red""}","{""row"":1,""code"":""F00AC01D03C00"",""depth"":3,""floor"":0,""group"":0,""column"":2}",AVAILABLE,"{""2025-06-12T20:00:42Z"":""AVAILABLE""}",2025-06-12 20:00:42+00,2025-06-15 22:52:13.508712+00
f9bbf5e4-0e66-471d-914a-4dd38cf0d9b3,cc03a332-37af-4854-97f8-24424a991994,85e3cb61-6263-47fb-89b8-88d6eb7acaf1,7e394b09-96a6-437d-a89b-504510298c57,dd4704d8-83aa-48c5-9e3c-0ce53a9f8327,01dde810-681f-4c1f-8828-68bdbd0d1dc0,3847f8ac-ba55-4d2a-b392-ba03c847fe47,213450,cm,150,roll,130,"{""color"":""White""}","{""row"":1,""code"":""F00AB01D04C00"",""depth"":4,""floor"":0,""group"":0,""column"":1}",AVAILABLE,"{""2025-06-12T20:00:42Z"":""AVAILABLE""}",2025-06-12 20:00:42+00,2025-06-15 22:52:13.508712+00
fb288898-48f1-4f9b-8270-65544f0bfa64,cc03a332-37af-4854-97f8-24424a991994,85e3cb61-6263-47fb-89b8-88d6eb7acaf1,7e394b09-96a6-437d-a89b-504510298c57,ee771874-6ebb-4fd0-81f0-51d1839243ca,01dde810-681f-4c1f-8828-68bdbd0d1dc0,72ab0d77-f2b1-455c-9197-304058ff1115,213453,m,1.4,roll,100,"{""color"":""Red""}","{""row"":2,""code"":""F00AA02D02C00"",""depth"":2,""floor"":0,""group"":0,""column"":0}",AVAILABLE,"{""2025-06-12T20:00:42Z"":""AVAILABLE""}",2025-06-12 20:00:42+00,2025-06-15 22:52:13.508712+00
fb7565c6-300d-486a-ab75-0ec1037c1f14,cc03a332-37af-4854-97f8-24424a991994,85e3cb61-6263-47fb-89b8-88d6eb7acaf1,7e394b09-96a6-437d-a89b-504510298c57,f1cb4d44-2957-43e0-bdfc-9c555c6e15e9,01dde810-681f-4c1f-8828-68bdbd0d1dc0,752661f2-f44f-4741-8f77-9a846d7cda45,213450,in,60,roll,120,"{""color"":""White""}","{""row"":2,""code"":""F00AC02D00C00"",""depth"":0,""floor"":0,""group"":0,""column"":2}",AVAILABLE,"{""2025-06-12T20:00:42Z"":""AVAILABLE""}",2025-06-12 20:00:42+00,2025-06-15 22:52:13.508712+00
fdf2544b-6bd1-4e56-8ba4-6dcb9b57172d,cc03a332-37af-4854-97f8-24424a991994,85e3cb61-6263-47fb-89b8-88d6eb7acaf1,7e394b09-96a6-437d-a89b-504510298c57,60be9a8f-49c6-4f94-98e4-8c7285074b67,01dde810-681f-4c1f-8828-68bdbd0d1dc0,3847f8ac-ba55-4d2a-b392-ba03c847fe47,213450,cm,150,roll,130,"{""color"":""White""}","{""row"":1,""code"":""F00AA01D02C00"",""depth"":2,""floor"":0,""group"":0,""column"":0}",AVAILABLE,"{""2025-06-12T20:00:42Z"":""AVAILABLE""}",2025-06-12 20:00:42+00,2025-06-15 22:52:13.508712+00